Lane	Barcode	Population	Sample	PopulationID
C8BJGANXX_1	AGCTTGGT	C10	M10_10E1	10
C8BJGANXX_1	AGGC	C10	M10_1E1	10
C8BJGANXX_1	AGCATT	C10	M10_2E1	10
C8BJGANXX_1	AATCGTT	C10	M10_3E1	10
C8BJGANXX_1	TCAAGTT	C10	M10_4E1	10
C8BJGANXX_1	ACGTGTA	C10	M10_5E1	10
C8BJGANXX_1	CAAGAAGT	C10	M10_6E1	10
C8BJGANXX_1	AACGTAGA	C10	M10_8E1	10
C8BJGANXX_1	GATT	C11	M11_1E1	11
C8BJGANXX_1	CTCCGA	C11	M11_2E1	11
C8BJGANXX_1	CTATGGA	C12	M12_5E1	12
C8BJGANXX_1	CTCACGGA	C13	M13_7E1	13
C8BJGANXX_1	ACAGATGA	C13	M13_9E1	13
C8BJGANXX_1	TACGGTA	C15	M15_10E1	15
C8BJGANXX_1	ACCGT	C15	M15_8E1	15
C8BJGANXX_1	TTGGCA	C15	M15_9E1	15
C8BJGANXX_1	GCATTGA	C19	M19_5E1	19
C8BJGANXX_1	CTAATGT	C19	M19_6E2	19
C8BJGANXX_1	AACAGTGA	C24	M24_3E1	24
C8BJGANXX_1	TAGCGTGT	C24	M24_6E1	24
C8BJGANXX_1	GTCGATA	C34	M34_2E2	34
C8BJGANXX_1	GTGCAAGA	C34	M34_3E2	34
C8BJGANXX_1	ACGTAAGA	C34	M34_8E2	34
C8BJGANXX_1	TCGCA	C36	M36_9E1	36
C8BJGANXX_1	CAATAGGA	C43	M43_2E2	43
C8BJGANXX_1	ACTCGAGA	C46	M46_1E1	46
C8BJGANXX_1	CGCAT	C46	M46_3E2	46
C8BJGANXX_1	TTGCAGA	C46	M46_5E1	46
C8BJGANXX_1	GCGTAAT	C47	M47_2E1	47
C8BJGANXX_1	TGCAGTGT	C48	M48_2E1	48
C8BJGANXX_1	GTACGTGT	C48	M48_3E1	48
C8BJGANXX_1	GGAGCTGT	C48	M48_4E1	48
C8BJGANXX_1	TCATAGT	C48	M48_7E1	48
C8BJGANXX_1	CAGTTA	C49	M49_7E1	49
C8BJGANXX_1	AACTTGT	C52	M52_4E2	52
C8BJGANXX_1	AGCGTTA	C52	M52_8E2	52
C8BJGANXX_1	AGGCTAGA	C52	M52_9E2	52
C8BJGANXX_1	TTCGAAGA	C53	M53_2E1	53
C8BJGANXX_1	CTGAGTGT	C53	M53_3E1	53
C8BJGANXX_1	ATCCGGA	C55	M55_3E1	55
C8BJGANXX_1	AATACGGA	C55	M55_5E1	55
C8BJGANXX_1	GATCAGAA	C55	M55_7E1	55
C8BJGANXX_1	GGCTAGA	C56	M56_5E1	56
C8BJGANXX_1	GCTATAA	C73	M73_5E1	73
C8BJGANXX_1	TGCATAGA	C82	M82_1E1	82
C8BJGANXX_1	ACAATGGA	C82	M82_2E1	82
C8BJGANXX_1	TGACCT	C82	M82_4E1	82
C8BJGANXX_1	CAGTTGA	C82	M82_7E1	82
C8BJGANXX_1	TGTGCAA	C83	M83_10E1	83
C8BJGANXX_1	CAATGTT	C83	M83_1E2	83
C8BJGANXX_1	AGTTGGCA	C83	M83_2E2	83
C8BJGANXX_1	GCGGATGT	C83	M83_3E2	83
C8BJGANXX_1	GAACGAAT	C83	M83_5E1	83
C8BJGANXX_1	ACAAGAGT	C83	M83_7E2	83
C8BJGANXX_1	GTTACGA	C84	M84_3E1	84
C8BJGANXX_1	CATTGAGA	C85	M85_3E1	85
C8BJGANXX_1	GAACATGA	C85	M85_8E2	85
C8BJGANXX_1	CTAGCT	C85	M85_9E2	85
C8BJGANXX_1	CTTGAGA	C86	M86_5E1	86
C8BJGANXX_1	CGATGTGT	C87	M87_1E1	87
C8BJGANXX_1	CGTCA	C92	M92_2	92
C8BJGANXX_1	TGCAAGAA	C92	M92_3	92
C8BJGANXX_1	TGCAATA	C92	M92_4	92
C8BJGANXX_1	TGACGTA	C92	M92_6	92
C8BJGANXX_1	GTCTGAA	C92	M92_7	92
C8BJGANXX_1	TTGGCGGA	C92	M92_9	92
C8BJGANXX_1	GTAACAGA	C93	M93_8E1	93
C6JATANXX_2	AGGC	C10	M10_7E1	10
C6JATANXX_2	CGATGTGT	C100	M100_1E1	100
C6JATANXX_2	GTAACAGA	C100	M100_2E1	100
C6JATANXX_2	CGCCGCAT	C100	M100_8E1	100
C6JATANXX_2	ACGTGTA	C11	M11_10E2	11
C6JATANXX_2	AGCATT	C11	M11_3E2	11
C6JATANXX_2	AATCGTT	C11	M11_4E2	11
C6JATANXX_2	TCAAGTT	C11	M11_9E2	11
C6JATANXX_2	CAAGAAGT	C12	M12_2E2	12
C6JATANXX_2	AACGTAGA	C12	M12_3E2	12
C6JATANXX_2	AGCTTGGT	C13	M13_5E1	13
C6JATANXX_2	GATT	C13	M13_8E2	13
C6JATANXX_2	CTCCGA	C14	M14_1E1	14
C6JATANXX_2	CTATGGA	C15	M15_2E2	15
C6JATANXX_2	GATCATA	C15	M15_5E2	15
C6JATANXX_2	GATGCAT	C16	M16_1E1	16
C6JATANXX_2	GTCATGGT	C16	M16_2E1	16
C6JATANXX_2	CTCACGGA	C16	M16_4E1	16
C6JATANXX_2	ACAGATGA	C16	M16_5E1	16
C6JATANXX_2	ACCGT	C16	M16_6E1	16
C6JATANXX_2	TACGGTA	C16	M16_8E1	16
C6JATANXX_2	GCATTGA	C18	M18_7E2	18
C6JATANXX_2	AACAGTGA	C19	M19_3E2	19
C6JATANXX_2	TAGCGTGT	C19	M19_8E2	19
C6JATANXX_2	CAGTTGGT	C19	M19_9E2	19
C6JATANXX_2	CGTCA	C24	M24_1E1	24
C6JATANXX_2	CCACGT	C24	M24_5E1	24
C6JATANXX_2	ACTATGT	C27	M27_3E2	27
C6JATANXX_2	CAGGTAT	C27	M27_7E2	27
C6JATANXX_2	GTCGATA	C34	M34_4E2	34
C6JATANXX_2	GTGCAAGA	C34	M34_6E2	34
C6JATANXX_2	ACGTAAGA	C34	M34_7E2	34
C6JATANXX_2	TGCAAGAA	C34	M34_9E2	34
C6JATANXX_2	TCGCA	C35	M35_10E2	35
C6JATANXX_2	GATGTC	C36	M36_10E1	36
C6JATANXX_2	CGTGAAT	C36	M36_5E1	36
C6JATANXX_2	TGCAATA	C37	M37_3E2	37
C6JATANXX_2	TATACGT	C37	M37_7E2	37
C6JATANXX_2	CAATAGGA	C41	M41_8E1	41
C6JATANXX_2	CGTATGGT	C43	M43_10E1	43
C6JATANXX_2	CGCAT	C43	M43_8E1	43
C6JATANXX_2	TTGCAGA	C45	M45_10E2	45
C6JATANXX_2	TGTTAC	C45	M45_5E1	45
C6JATANXX_2	TGCAGTGT	C46	M46_10E2	46
C6JATANXX_2	ATATCGT	C46	M46_7E2	46
C6JATANXX_2	GCGTAAT	C46	M46_8E2	46
C6JATANXX_2	GTACGTGT	C47	M47_3E1	47
C6JATANXX_2	CAGTTA	C48	M48_10E1	48
C6JATANXX_2	GGAGCTGT	C48	M48_5E1	48
C6JATANXX_2	TCATAGT	C48	M48_8E1	48
C6JATANXX_2	AGTCTAT	C49	M49_10E1	49
C6JATANXX_2	AACTTGT	C49	M49_9E1	49
C6JATANXX_2	AGCGTTA	C52	M52_2E2	52
C6JATANXX_2	AGGCTAGA	C52	M52_3E2	52
C6JATANXX_2	TTCGAAGA	C53	M53_4E2	53
C6JATANXX_2	CTGAGTGT	C53	M53_6E2	53
C6JATANXX_2	TTACGAT	C53	M53_8E1	53
C6JATANXX_2	GCCTAT	C55	M55_8E1	55
C6JATANXX_2	TGACGTA	C56	M56_1E1	56
C6JATANXX_2	GTCTGAA	C56	M56_6E1	56
C6JATANXX_2	ATCCGGA	C68	M68_3E2	68
C6JATANXX_2	AATACGGA	C7	M7_3E1	7
C6JATANXX_2	GGCTAGA	C7	M7_9E1	7
C6JATANXX_2	AGTGGC	C72	M72_10E1	72
C6JATANXX_2	GCTATAA	C74	M74_1E1	74
C6JATANXX_2	ATCAGTT	C8	M8_1E1	8
C6JATANXX_2	TCAGTAT	C8	M8_3E1	8
C6JATANXX_2	TGACTGGT	C80	M80_4E1	80
C6JATANXX_2	TGCATAGA	C80	M80_5E1	80
C6JATANXX_2	TGACCT	C84	M84_10E1	84
C6JATANXX_2	ACAATGGA	C84	M84_2E1	84
C6JATANXX_2	AGTTGGCA	C85	M85_10E2	85
C6JATANXX_2	ATCGTAT	C85	M85_1E2	85
C6JATANXX_2	CAGTTGA	C85	M85_2E2	85
C6JATANXX_2	CAATGTT	C85	M85_5E2	85
C6JATANXX_2	GCGGATGT	C86	M86_2E2	86
C6JATANXX_2	GAACGAAT	C86	M86_3E2	86
C6JATANXX_2	ACAAGAGT	C86	M86_4E1	86
C6JATANXX_2	TTGCAC	C86	M86_9E1	86
C6JATANXX_2	TACTGAT	C87	M87_5E2	87
C6JATANXX_2	TGTGCAA	C9	M9_4E2	9
C6JATANXX_2	GTTACGA	C9	M9_8E1	9
C6JATANXX_2	ACTCGAGA	C91	M91_1	91
C6JATANXX_2	CTAGTGGT	C91	M91_2	91
C6JATANXX_2	GATCAGAA	C91	M91_3	91
C6JATANXX_2	GCTAGTGT	C91	M91_4	91
C6JATANXX_2	CTAATGT	C92	M92_10	92
C6JATANXX_2	TCGCAAGT	C93	M93_4E1	93
C6JATANXX_2	CATTGAGA	C95	M95_9E2	95
C6JATANXX_2	TTGGCGGA	C96	M96_3E2	96
C6JATANXX_2	GAACATGA	C96	M96_7E2	96
C6JATANXX_2	TGCATAT	C99	M99_10E1	99
C6JATANXX_2	CTAGCT	C99	M99_1E1	99
C6JATANXX_2	CTTGAGA	C99	M99_3E1	99
C6JATANXX_2	CGACAGT	C99	M99_8E1	99
C6JATANXX_3	AGGC	C12	M12_1E2	12
C6JATANXX_3	AATCGTT	C13	M13_10E2	13
C6JATANXX_3	AGCATT	C13	M13_4E2	13
C6JATANXX_3	TCAAGTT	C14	M14_3E2	14
C6JATANXX_3	ACGTGTA	C15	M15_1E2	15
C6JATANXX_3	CAAGAAGT	C15	M15_4E2	15
C6JATANXX_3	CTCCGA	C16	M16_10E1	16
C6JATANXX_3	AACGTAGA	C16	M16_3E2	16
C6JATANXX_3	AGCTTGGT	C16	M16_7E1	16
C6JATANXX_3	GATT	C16	M16_9E1	16
C6JATANXX_3	CTATGGA	C18	M18_4E2	18
C6JATANXX_3	GATGCAT	C19	M19_10E2	19
C6JATANXX_3	GATCATA	C19	M19_4E2	19
C6JATANXX_3	GTCATGGT	C20	M20_2E2	20
C6JATANXX_3	CTCACGGA	C24	M24_7E1	24
C6JATANXX_3	ACAGATGA	C24	M24_9E1	24
C6JATANXX_3	ACCGT	C25	M25_1E2	25
C6JATANXX_3	TTGGCA	C25	M25_2E2	25
C6JATANXX_3	TACGGTA	C27	M27_1E2	27
C6JATANXX_3	GCATTGA	C27	M27_2E2	27
C6JATANXX_3	CTAATGT	C27	M27_4E2	27
C6JATANXX_3	AACAGTGA	C29	M29_8E2	29
C6JATANXX_3	TAGCGTGT	C3	M3_3E1	3
C6JATANXX_3	CAGTTGGT	C3	M3_8E1	3
C6JATANXX_3	CGTCA	C34	M34_10E2	34
C6JATANXX_3	CCACGT	C35	M35_4E1	35
C6JATANXX_3	ACTATGT	C35	M35_9E2	35
C6JATANXX_3	CAGGTAT	C36	M36_3E1	36
C6JATANXX_3	GTCGATA	C36	M36_7E1	36
C6JATANXX_3	GTGCAAGA	C37	M37_1E2	37
C6JATANXX_3	ACGTAAGA	C37	M37_4E2	37
C6JATANXX_3	TGCAAGAA	C37	M37_5E2	37
C6JATANXX_3	TCGCA	C40	M40_9E2	40
C6JATANXX_3	GATGTC	C41	M41_5E1	41
C6JATANXX_3	CGTGAAT	C43	M43_4E1	43
C6JATANXX_3	TGCAATA	C43	M43_7E1	43
C6JATANXX_3	TATACGT	C45	M45_3E2	45
C6JATANXX_3	CAATAGGA	C46	M46_9E2	46
C6JATANXX_3	TGTTAC	C47	M47_10E1	47
C6JATANXX_3	CGTATGGT	C47	M47_5E1	47
C6JATANXX_3	ACTCGAGA	C47	M47_7E1	47
C6JATANXX_3	CGCAT	C47	M47_9E1	47
C6JATANXX_3	TTGCAGA	C48	M48_6E1	48
C6JATANXX_3	ATATCGT	C49	M49_3E1	49
C6JATANXX_3	GCGTAAT	C49	M49_5E1	49
C6JATANXX_3	TGCAGTGT	C49	M49_8E1	49
C6JATANXX_3	GTACGTGT	C5	M5_1E1	5
C6JATANXX_3	GGAGCTGT	C51	M51_2E2	51
C6JATANXX_3	TCATAGT	C51	M51_3E2	51
C6JATANXX_3	CAGTTA	C51	M51_9E2	51
C6JATANXX_3	AACTTGT	C52	M52_10E2	52
C6JATANXX_3	AGTCTAT	C55	M55_10E1	55
C6JATANXX_3	GCCTAT	C56	M56_10E1	56
C6JATANXX_3	AGCGTTA	C56	M56_2E1	56
C6JATANXX_3	AGGCTAGA	C56	M56_3E1	56
C6JATANXX_3	TTCGAAGA	C56	M56_4E1	56
C6JATANXX_3	TTACGAT	C56	M56_8E1	56
C6JATANXX_3	TGACGTA	C6	M6_9E1	6
C6JATANXX_3	CTAGTGGT	C68	M68_10E1	68
C6JATANXX_3	GTCTGAA	C68	M68_7E2	68
C6JATANXX_3	ATCCGGA	C68	M68_9E2	68
C6JATANXX_3	GGCTAGA	C72	M72_3E1	72
C6JATANXX_3	AGTGGC	C72	M72_5E1	72
C6JATANXX_3	GCTATAA	C72	M72_7E1	72
C6JATANXX_3	ATCAGTT	C73	M73_1E1	73
C6JATANXX_3	TCAGTAT	C73	M73_2E1	73
C6JATANXX_3	GCTAGTGT	C73	M73_4E1	73
C6JATANXX_3	ACAATGGA	C8	M8_10E1	8
C6JATANXX_3	TGCATAGA	C8	M8_5E1	8
C6JATANXX_3	TGACCT	C82	M82_3E1	82
C6JATANXX_3	ATCGTAT	C83	M83_4E2	83
C6JATANXX_3	CAGTTGA	C84	M84_1E2	84
C6JATANXX_3	CAATGTT	C84	M84_8E1	84
C6JATANXX_3	AGTTGGCA	C85	M85_4E1	85
C6JATANXX_3	GCGGATGT	C85	M85_6E2	85
C6JATANXX_3	GAACGAAT	C86	M86_1E2	86
C6JATANXX_3	ACAAGAGT	C87	M87_10E2	87
C6JATANXX_3	TTGCAC	C9	M9_1E2	9
C6JATANXX_3	TACTGAT	C9	M9_7E1	9
C6JATANXX_3	TGTGCAA	C9	M9_9E2	9
C6JATANXX_3	AATACGGA	C91	M91_5	91
C6JATANXX_3	GATCAGAA	C91	M91_6	91
C6JATANXX_3	TGACTGGT	C91	M91_7	91
C6JATANXX_3	CATTGAGA	C94	M94_10E1	94
C6JATANXX_3	GTTACGA	C94	M94_3E1	94
C6JATANXX_3	TCGCAAGT	C94	M94_9E1	94
C6JATANXX_3	TTGGCGGA	C95	M95_3E2	95
C6JATANXX_3	GAACATGA	C95	M95_5E2	95
C6JATANXX_3	CTAGCT	C96	M96_2E2	96
C6JATANXX_3	CTTGAGA	C96	M96_8E2	96
C6JATANXX_3	CGACAGT	C99	M99_2E1	99
C6JATANXX_3	TGCATAT	C99	M99_5E1	99
C6JATANXX_3	CGATGTGT	C99	M99_6E1	99
C6JATANXX_3	GTAACAGA	C99	M99_7E1	99
C6JATANXX_3	CGCCGCAT	C99	M99_9E1	99
C6JATANXX_4	AATCGTT	C100	M100_10E2	100
C6JATANXX_4	AGGC	C100	M100_3E2	100
C6JATANXX_4	AGCATT	C100	M100_9E2	100
C6JATANXX_4	TCAAGTT	C11	M11_5E2	11
C6JATANXX_4	ACGTGTA	C11	M11_6E2	11
C6JATANXX_4	CAAGAAGT	C12	M12_4E2	12
C6JATANXX_4	AACGTAGA	C12	M12_6E1	12
C6JATANXX_4	GATT	C14	M14_4E2	14
C6JATANXX_4	CTCCGA	C14	M14_7E2	14
C6JATANXX_4	CTATGGA	C15	M15_3E2	15
C6JATANXX_4	GATGCAT	C18	M18_10E2	18
C6JATANXX_4	GATCATA	C18	M18_1E2	18
C6JATANXX_4	GTCATGGT	C19	M19_2E2	19
C6JATANXX_4	CTCACGGA	C20	M20_4E1	20
C6JATANXX_4	ACAGATGA	C20	M20_8E1	20
C6JATANXX_4	ACCGT	C24	M24_2E1	24
C6JATANXX_4	TTGGCA	C24	M24_4E1	24
C6JATANXX_4	TACGGTA	C24	M24_8E1	24
C6JATANXX_4	GCATTGA	C27	M27_5E2	27
C6JATANXX_4	CTAATGT	C29	M29_1E2	29
C6JATANXX_4	AACAGTGA	C29	M29_2E2	29
C6JATANXX_4	TAGCGTGT	C29	M29_7E2	29
C6JATANXX_4	CAGTTGGT	C29	M29_9E2	29
C6JATANXX_4	ACTATGT	C30	M30_10E2	30
C6JATANXX_4	CGTCA	C30	M30_7E2	30
C6JATANXX_4	CCACGT	C30	M30_9E2	30
C6JATANXX_4	ACGTAAGA	C33	M33_1E2	33
C6JATANXX_4	TGCAAGAA	C33	M33_2E2	33
C6JATANXX_4	TCGCA	C33	M33_7E2	33
C6JATANXX_4	GATGTC	C33	M33_8E2	33
C6JATANXX_4	CGTGAAT	C34	M34_5E2	34
C6JATANXX_4	TGCAATA	C35	M35_7E2	35
C6JATANXX_4	TATACGT	C35	M35_8E2	35
C6JATANXX_4	CGTATGGT	C37	M37_8E2	37
C6JATANXX_4	ACTCGAGA	C39	M39_1E2	39
C6JATANXX_4	CGCAT	C4	M4_5E1	4
C6JATANXX_4	TGCAGTGT	C40	M40_10E2	40
C6JATANXX_4	TGTTAC	C40	M40_2E2	40
C6JATANXX_4	TTGCAGA	C40	M40_5E2	40
C6JATANXX_4	ATATCGT	C40	M40_7E2	40
C6JATANXX_4	GCGTAAT	C40	M40_8E2	40
C6JATANXX_4	CAGTTA	C43	M43_1E2	43
C6JATANXX_4	AGTCTAT	C45	M45_4E2	45
C6JATANXX_4	AGCGTTA	C45	M45_8E2	45
C6JATANXX_4	AGGCTAGA	C47	M47_4E1	47
C6JATANXX_4	TTCGAAGA	C47	M47_6E1	47
C6JATANXX_4	CTGAGTGT	C48	M48_9E1	48
C6JATANXX_4	TTACGAT	C49	M49_6E1	49
C6JATANXX_4	GCCTAT	C51	M51_1E2	51
C6JATANXX_4	GTCTGAA	C51	M51_6E2	51
C6JATANXX_4	ATCCGGA	C51	M51_8E2	51
C6JATANXX_4	CTAGTGGT	C52	M52_5E2	52
C6JATANXX_4	AATACGGA	C53	M53_1E2	53
C6JATANXX_4	GATCAGAA	C55	M55_1E2	55
C6JATANXX_4	GGCTAGA	C55	M55_2E2	55
C6JATANXX_4	AGTGGC	C55	M55_6E2	55
C6JATANXX_4	GCTATAA	C56	M56_9E1	56
C6JATANXX_4	TCAGTAT	C6	M6_3E2	6
C6JATANXX_4	GCTAGTGT	C68	M68_1E2	68
C6JATANXX_4	TGACTGGT	C68	M68_5E2	68
C6JATANXX_4	ACAATGGA	C72	M72_4E1	72
C6JATANXX_4	TGACCT	C72	M72_8E1	72
C6JATANXX_4	ATCGTAT	C72	M72_9E1	72
C6JATANXX_4	CAGTTGA	C73	M73_3E1	73
C6JATANXX_4	CAATGTT	C73	M73_8E1	73
C6JATANXX_4	GCGGATGT	C74	M74_3E2	74
C6JATANXX_4	ACAAGAGT	C84	M84_7E1	84
C6JATANXX_4	GTTACGA	C87	M87_3E2	87
C6JATANXX_4	GGAGCTGT	C89	M89_1	89
C6JATANXX_4	TCATAGT	C89	M89_2	89
C6JATANXX_4	ATCAGTT	C89	M89_3	89
C6JATANXX_4	TGCATAGA	C89	M89_4	89
C6JATANXX_4	TACTGAT	C89	M89_5	89
C6JATANXX_4	CGCCGCAT	C89	M89_6	89
C6JATANXX_4	GTACGTGT	C91	M91_10	91
C6JATANXX_4	CAGGTAT	C91	M91_8	91
C6JATANXX_4	GTGCAAGA	C91	M91_9	91
C6JATANXX_4	TCGCAAGT	C93	M93_3E1	93
C6JATANXX_4	TTGGCGGA	C94	M94_2E1	94
C6JATANXX_4	GAACATGA	C94	M94_8E1	94
C6JATANXX_4	CGATGTGT	C95	M95_10E2	95
C6JATANXX_4	CTAGCT	C95	M95_1E2	95
C6JATANXX_4	CTTGAGA	C95	M95_2E2	95
C6JATANXX_4	CGACAGT	C95	M95_4E2	95
C6JATANXX_4	TGCATAT	C95	M95_6E2	95
C6JATANXX_4	GTAACAGA	C96	M96_1E2	96
C6JATANXX_5	AGGC	C100	M100_4E2	100
C6JATANXX_5	AGCATT	C100	M100_6E2	100
C6JATANXX_5	AATCGTT	C11	M11_7E2	11
C6JATANXX_5	TCAAGTT	C11	M11_8E2	11
C6JATANXX_5	ACGTGTA	C12	M12_7E2	12
C6JATANXX_5	CAAGAAGT	C12	M12_9E1	12
C6JATANXX_5	AACGTAGA	C13	M13_1E2	13
C6JATANXX_5	CTCCGA	C14	M14_10E2	14
C6JATANXX_5	AGCTTGGT	C14	M14_6E2	14
C6JATANXX_5	GATT	C14	M14_8E2	14
C6JATANXX_5	CTATGGA	C18	M18_2E2	18
C6JATANXX_5	GATCATA	C18	M18_3E2	18
C6JATANXX_5	GATGCAT	C18	M18_5E2	18
C6JATANXX_5	GTCATGGT	C18	M18_8E2	18
C6JATANXX_5	CTCACGGA	C20	M20_3E1	20
C6JATANXX_5	ACAGATGA	C20	M20_7E2	20
C6JATANXX_5	ACCGT	C27	M27_9E2	27
C6JATANXX_5	TACGGTA	C29	M29_10E2	29
C6JATANXX_5	TTGGCA	C29	M29_3E2	29
C6JATANXX_5	TAGCGTGT	C3	M3_10E2	3
C6JATANXX_5	GCATTGA	C3	M3_1E1	3
C6JATANXX_5	CTAATGT	C3	M3_5E1	3
C6JATANXX_5	AACAGTGA	C3	M3_9E1	3
C6JATANXX_5	CAGTTGGT	C30	M30_8E2	30
C6JATANXX_5	CAGGTAT	C33	M33_10E2	33
C6JATANXX_5	CGTCA	C33	M33_3E2	33
C6JATANXX_5	CCACGT	C33	M33_5E2	33
C6JATANXX_5	ACTATGT	C33	M33_6E2	33
C6JATANXX_5	GTCGATA	C35	M35_3E1	35
C6JATANXX_5	GTGCAAGA	C35	M35_6E2	35
C6JATANXX_5	ACGTAAGA	C36	M36_8E1	36
C6JATANXX_5	GATGTC	C37	M37_10E2	37
C6JATANXX_5	TGCAAGAA	C37	M37_2E2	37
C6JATANXX_5	TCGCA	C37	M37_9E1	37
C6JATANXX_5	CGTGAAT	C38	M38_1E1	38
C6JATANXX_5	TGCAATA	C38	M38_3E1	38
C6JATANXX_5	TATACGT	C39	M39_3E2	39
C6JATANXX_5	CAATAGGA	C39	M39_7E1	39
C6JATANXX_5	CGTATGGT	C39	M39_8E2	39
C6JATANXX_5	ACTCGAGA	C4	M4_2E1	4
C6JATANXX_5	CGCAT	C4	M4_6E1	4
C6JATANXX_5	TGTTAC	C4	M4_7E1	4
C6JATANXX_5	TTGCAGA	C4	M4_8E1	4
C6JATANXX_5	ATATCGT	C4	M4_9E2	4
C6JATANXX_5	GCGTAAT	C40	M40_4E2	40
C6JATANXX_5	TGCAGTGT	C40	M40_6E2	40
C6JATANXX_5	GTACGTGT	C43	M43_6E1	43
C6JATANXX_5	GGAGCTGT	C43	M43_9E2	43
C6JATANXX_5	TCATAGT	C45	M45_1E2	45
C6JATANXX_5	CAGTTA	C45	M45_6E2	45
C6JATANXX_5	AACTTGT	C45	M45_9E2	45
C6JATANXX_5	AGTCTAT	C47	M47_1E1	47
C6JATANXX_5	AGCGTTA	C47	M47_8E1	47
C6JATANXX_5	AGGCTAGA	C49	M49_2E1	49
C6JATANXX_5	TTCGAAGA	C49	M49_4E1	49
C6JATANXX_5	CTGAGTGT	C5	M5_2E1	5
C6JATANXX_5	TTACGAT	C5	M5_3E1	5
C6JATANXX_5	GCCTAT	C5	M5_5E1	5
C6JATANXX_5	TGACGTA	C5	M5_7E1	5
C6JATANXX_5	GTCTGAA	C5	M5_8E1	5
C6JATANXX_5	ATCCGGA	C5	M5_9E1	5
C6JATANXX_5	AATACGGA	C51	M51_10E2	51
C6JATANXX_5	CTAGTGGT	C51	M51_7E2	51
C6JATANXX_5	GATCAGAA	C52	M52_1E2	52
C6JATANXX_5	GGCTAGA	C56	M56_7E1	56
C6JATANXX_5	GCTATAA	C6	M6_10E2	6
C6JATANXX_5	AGTGGC	C6	M6_8E2	6
C6JATANXX_5	TTGGCGGA	C65	M65_10	65
C6JATANXX_5	ATCAGTT	C68	M68_2E2	68
C6JATANXX_5	GCTAGTGT	C68	M68_6E2	68
C6JATANXX_5	TGACTGGT	C68	M68_8E2	68
C6JATANXX_5	TGCATAGA	C69	M69_4E1	69
C6JATANXX_5	CAATGTT	C72	M72_2E1	72
C6JATANXX_5	AGTTGGCA	C72	M72_6E1	72
C6JATANXX_5	TTGCAC	C74	M74_12E2	74
C6JATANXX_5	GCGGATGT	C74	M74_4E2	74
C6JATANXX_5	GAACGAAT	C74	M74_9E2	74
C6JATANXX_5	TGTGCAA	C80	M80_1E2	80
C6JATANXX_5	GTTACGA	C80	M80_3E2	80
C6JATANXX_5	TCGCAAGT	C80	M80_9E2	80
C6JATANXX_5	CATTGAGA	C83	M83_6E2	83
C6JATANXX_5	CAGTTGA	C88	M88_1	88
C6JATANXX_5	TACTGAT	C88	M88_2	88
C6JATANXX_5	GAACATGA	C88	M88_3	88
C6JATANXX_5	TCAGTAT	C89	M89_7	89
C6JATANXX_5	ACAATGGA	C89	M89_8	89
C6JATANXX_5	TGACCT	C89	M89_9	89
C6JATANXX_5	CGACAGT	C93	M93_10E1	93
C6JATANXX_5	CTTGAGA	C93	M93_6E1	93
C6JATANXX_5	TGCATAT	C94	M94_6E1	94
C6JATANXX_5	CGATGTGT	C95	M95_7E2	95
C6JATANXX_5	GTAACAGA	C96	M96_6E2	96
C6JATANXX_5	CGCCGCAT	C96	M96_9E2	96
C6JATANXX_6	AGGC	C10	M10_9E2	10
C6JATANXX_6	AGCATT	C100	M100_7E2	100
C6JATANXX_6	AATCGTT	C12	M12_10E2	12
C6JATANXX_6	ACGTGTA	C14	M14_2E2	14
C6JATANXX_6	CAAGAAGT	C14	M14_5E2	14
C6JATANXX_6	AACGTAGA	C14	M14_9E2	14
C6JATANXX_6	AGCTTGGT	C15	M15_6E2	15
C6JATANXX_6	GATT	C15	M15_6E2	15
C6JATANXX_6	CTCCGA	C18	M18_6E2	18
C6JATANXX_6	CTATGGA	C20	M20_10E2	20
C6JATANXX_6	GATCATA	C20	M20_1E2	20
C6JATANXX_6	GATGCAT	C20	M20_5E2	20
C6JATANXX_6	GTCATGGT	C20	M20_6E2	20
C6JATANXX_6	CTCACGGA	C20	M20_9E2	20
C6JATANXX_6	ACAGATGA	C24	M24_10E1	24
C6JATANXX_6	ACCGT	C25	M25_3E2	25
C6JATANXX_6	TTGGCA	C25	M25_4E2	25
C6JATANXX_6	GCATTGA	C3	M3_4E1	3
C6JATANXX_6	CTAATGT	C3	M3_6E1	3
C6JATANXX_6	AACAGTGA	C3	M3_7E1	3
C6JATANXX_6	TAGCGTGT	C30	M30_2E2	30
C6JATANXX_6	CAGTTGGT	C30	M30_3E2	30
C6JATANXX_6	CGTCA	C30	M30_4E2	30
C6JATANXX_6	CCACGT	C30	M30_5E2	30
C6JATANXX_6	ACTATGT	C30	M30_6E2	30
C6JATANXX_6	CAGGTAT	C32	M32_10E2	32
C6JATANXX_6	TGCAAGAA	C32	M32_8E2	32
C6JATANXX_6	TCGCA	C32	M32_9E2	32
C6JATANXX_6	GATGTC	C33	M33_4E2	33
C6JATANXX_6	CGTGAAT	C33	M33_9E2	33
C6JATANXX_6	TGCAATA	C35	M35_2E2	35
C6JATANXX_6	TATACGT	C35	M35_5E1	35
C6JATANXX_6	CAATAGGA	C36	M36_1E2	36
C6JATANXX_6	ACTCGAGA	C38	M38_10E1	38
C6JATANXX_6	CGCAT	C38	M38_5E2	38
C6JATANXX_6	TTGCAGA	C38	M38_7E2	38
C6JATANXX_6	GCGTAAT	C38	M38_9E2	38
C6JATANXX_6	TGCAGTGT	C39	M39_4E2	39
C6JATANXX_6	GTACGTGT	C4	M4_10E2	4
C6JATANXX_6	GGAGCTGT	C4	M4_1E1	4
C6JATANXX_6	TCATAGT	C4	M4_3E1	4
C6JATANXX_6	CAGTTA	C40	M40_1E2	40
C6JATANXX_6	AGTCTAT	C45	M45_2E2	45
C6JATANXX_6	AGCGTTA	C46	M46_2E2	46
C6JATANXX_6	AGGCTAGA	C48	M48_1E1	48
C6JATANXX_6	TTCGAAGA	C49	M49_1E1	49
C6JATANXX_6	CTGAGTGT	C5	M5_10E1	5
C6JATANXX_6	TTACGAT	C5	M5_4E1	5
C6JATANXX_6	GCCTAT	C51	M51_4E2	51
C6JATANXX_6	GTCTGAA	C6	M6_2E2	6
C6JATANXX_6	ATCCGGA	C6	M6_4E2	6
C6JATANXX_6	CTAGTGGT	C6	M6_5E2	6
C6JATANXX_6	AATACGGA	C6	M6_6E2	6
C6JATANXX_6	GATCAGAA	C6	M6_7E2	6
C6JATANXX_6	GGCTAGA	C69	M69_10E2	69
C6JATANXX_6	GCTATAA	C69	M69_7E1	69
C6JATANXX_6	ATCAGTT	C69	M69_9E2	69
C6JATANXX_6	GCTAGTGT	C72	M72_1E1	72
C6JATANXX_6	TGACTGGT	C73	M73_6E2	73
C6JATANXX_6	TGCATAGA	C73	M73_7E2	73
C6JATANXX_6	ACAATGGA	C73	M73_9E2	73
C6JATANXX_6	TGACCT	C74	M74_10E2	74
C6JATANXX_6	ATCGTAT	C74	M74_13E2	74
C6JATANXX_6	CAGTTGA	C74	M74_6E2	74
C6JATANXX_6	CAATGTT	C74	M74_8E2	74
C6JATANXX_6	TTGCAC	C87	M87_8E2	87
C6JATANXX_6	TACTGAT	C87	M87_9E2	87
C6JATANXX_6	AACTTGT	C88	M88_10	88
C6JATANXX_6	TACGGTA	C88	M88_4	88
C6JATANXX_6	GTCGATA	C88	M88_5	88
C6JATANXX_6	GTGCAAGA	C88	M88_6	88
C6JATANXX_6	ACGTAAGA	C88	M88_7	88
C6JATANXX_6	TGTTAC	C88	M88_8	88
C6JATANXX_6	ATATCGT	C88	M88_9	88
C6JATANXX_6	TCGCAAGT	C9	M9_3E2	9
C6JATANXX_6	TTGGCGGA	C9	M9_6E1	9
C6JATANXX_6	TGACGTA	C90	M90_1	90
C6JATANXX_6	AGTGGC	C90	M90_2	90
C6JATANXX_6	TCAGTAT	C90	M90_3	90
C6JATANXX_6	AGTTGGCA	C90	M90_4	90
C6JATANXX_6	GCGGATGT	C90	M90_5	90
C6JATANXX_6	GAACGAAT	C90	M90_6	90
C6JATANXX_6	ACAAGAGT	C90	M90_7	90
C6JATANXX_6	GAACATGA	C93	M93_2E1	93
C6JATANXX_6	CTAGCT	C93	M93_7E1	93
C6JATANXX_6	CTTGAGA	C94	M94_1E1	94
C6JATANXX_6	CGACAGT	C94	M94_5E1	94
C6JATANXX_6	TGCATAT	C94	M94_7E1	94
C6JATANXX_6	CGATGTGT	C95	M95_8E2	95
C6JATANXX_6	GTAACAGA	C96	M96_10E2	96
C6JATANXX_6	CGCCGCAT	C96	M96_5E2	96
